date,location,time,lat_lon,is_floodprone,is_flooded,rainfall_1hr_prior,rainfall_2hr_prior,rainfall_3hr_prior,nearest_station_distance,rainfall_5min_prior,rainfall_10min_prior,rainfall_15min_prior,rainfall_20min_prior,rainfall_25min_prior,rainfall_30min_prior,rainfall_35min_prior,rainfall_40min_prior,rainfall_45min_prior,rainfall_50min_prior,rainfall_55min_prior
2025-04-20,Junction of Stevens Road and Balmoral Road,1720,"1.31301,103.8299083",1,1,0.0,0.0,0.0,0.7821623540122518,6.0,6.4,9.4,10.2,7.6,7.4,3.8,2.0,0.2,0.0,0.0
2024-11-22,Wan Tho Ave (Pheng Geck Ave),1510,"1.3321392,103.8700728",1,1,0.2,0.0,0.0,2.151306608609655,2.4,4.8,7.2,7.6,7.4,5.2,1.2,3.4,3.2,0.2,0.2
2018-04-23,slip road from Stevens Road to Balmoral Road,1320,"1.3131229076135529, 103.83038429904742",1,1,0.0,0.0,0.0,0.7376008688925181,6.4,6.0,7.0,6.8,8.8,1.0,0.0,0.0,0.0,0.0,0.0
2025-04-20,Bt Timah Rd (between Clementi Rd and Blackmore Dr),1705,"1.3365951459866354, 103.78136112577862",0,1,0.0,0.0,0.0,0.600601296763747,10.8,7.8,7.6,6.8,2.6,0.4,0.0,0.0,0.0,0.0,0.0
2025-04-20,Coronation Walk,1735,"1.3242244,103.8097309",0,1,4.0,0.0,0.0,0.006124468827702796,4.4,3.6,5.6,10.2,13.0,8.4,10.4,11.2,8.2,7.4,4.0
2025-04-20,Kings Rd (between Prince Rd and Lutheran Rd),1705,"1.3216555655474416, 103.80957792936259",0,1,0.0,0.0,0.0,0.29102838943137754,10.4,11.2,8.2,7.4,4.0,4.0,2.8,0.4,0.2,0.0,0.0
2025-04-15,Yishun Avenue 7 (near intersection of Yishun St 22),1635,"1.4394607520380978, 103.83585145678819",0,1,0.0,0.0,0.0,2.2661737644522715,0.6,3.4,0.8,0.0,0.0,0.0,0.0,0.0,0.0,0.0,0.0
2025-04-13,KPE (Slip Rd to Buangkok East Drive),1405,"1.375031,103.909223",0,1,0.0,0.0,0.0,1.7991260579531771,8.12,8.729,9.13499,5.278,4.872,5.075,6.293,0.406,1.015,0.203,0.0
2025-04-13,Punggol Way (Slip Rd to TPE),1357,"1.4008747016653462, 103.89641264830509",0,1,0.0,0.0,0.0,1.4391919679974416,13.4,8.2,5.0,4.0,3.8,3.4,1.8,0.8,0.0,0.0,0.0
2025-04-13,Yishun Avenue 7,1350,"1.4384951,103.8332015",0,1,0.0,0.0,0.0,2.318714021649873,7.474,11.312,12.928,11.11,8.282,2.828,0.606,0.202,0.0,0.202,0.0
2024-12-29,Bukit Timah Rd (near KAP),1705,"1.3373068968527604, 103.77942756156347",0,1,0.2,0.0,0.0,0.496159118183603,5.6,11.0,8.60001,7.4,4.2,2.4,1.8,2.6,4.0,2.6,0.8
2024-12-29,Dunearn Road,1500,"1.325467,103.8090096",0,1,0.0,0.0,0.0,0.15364251486824732,0.0,0.0,0.0,0.0,0.0,0.0,0.0,0.0,0.0,0.0,0.0
2024-11-22,Yishun Avenue 7,1530,"1.4384951,103.8332015",0,1,4.04,0.0,0.0,2.318714021649873,7.878,4.242,6.868,5.454,2.424,0.404,0.404,0.808,1.414,1.616,4.646
2024-11-17,Ophir Road,1408,"1.3024489,103.8566459",0,1,0.0,0.0,0.0,1.1174392542898108,5.6,7.0,8.39999,7.6,8.2,8.2,6.4,6.4,4.2,1.8,0.0
2024-02-03,Dunearn Road,1827,"1.325467,103.8090096",0,1,0.0,0.0,0.0,0.15364251486824732,3.2,4.2,1.0,0.2,0.0,0.0,0.0,0.0,0.0,0.0,0.0
2023-11-28,Boon Lay Way/Corporation Rd,1542,"1.3428518,103.7160287",0,1,0.0,0.0,0.0,1.1809878169112735,10.353,11.977,17.255,9.338,8.526,1.015,0.0,0.0,0.0,0.0,0.0
2023-07-20,Dunearn Rd (Sime Darby Ctr),0926,"1.3367436,103.7837031",0,1,0.2,0.0,0.0,0.838695915131025,5.2,8.60001,9.60001,8.8,5.4,6.6,2.8,0.2,0.2,0.0,0.0
2022-03-07,Enterprise Road,1605,"1.3332885,103.7054867",0,1,7.92,0.0,0.0,1.6168929203619031,10.098,8.71201,9.702,8.118,6.336,6.138,4.95,3.366,1.782,0.0,1.188
2022-03-07,Jurong East Street 32,1520,"1.3470214,103.7338564",0,1,0.0,0.0,0.0,1.420918161675627,10.556,5.481,5.887,7.511,9.744,12.992,11.571,0.0,0.0,0.0,0.0
2022-03-02,KPE towards ECP (after Buangkok Drive Exit),1745,"1.3800864,103.8941323",0,1,0.203,0.0,0.0,0.8463356552952952,6.699,10.353,9.94701,8.526,5.887,6.09,6.902,7.308,7.308,2.03,0.203
2022-03-02,Punggol Way (Slip Rd to TPE),1730,"1.4008747016653462, 103.89641264830509",0,1,0.0,0.0,0.0,1.4391919679974416,10.6,9.0,9.0,7.0,0.0,0.0,0.0,0.0,0.0,0.0,0.0
2022-02-27,PIE / Bedok North Ave 3 slip road,1415,"1.334611431364797, 103.93369655848748",0,1,0.0,0.0,0.0,1.5611037754776527,3.8,9.8,10.8,9.8,4.8,4.8,3.6,1.2,2.0,9.2,1.8
2022-02-27,Junction of Eunos Link / Ubi Ave 3,1415,"1.3347636,103.8994408",0,1,0.0,0.0,0.0,1.3930826363742186,0.609,0.203,0.406,0.812,2.03,2.03,0.812,0.609,0.406,0.0,0.0
2021-11-23,Jurong East Street 32,1230,"1.3470214,103.7338564",0,1,0.0,0.0,0.0,1.420918161675627,6.699,7.714,5.481,4.669,6.699,2.842,0.0,0.0,0.0,0.0,0.0
2021-09-01,Punggol Way (Slip Rd to TPE),0400,"1.4008747016653462, 103.89641264830509",0,1,0.0,0.0,0.0,1.4391919679974416,0.0,0.0,0.0,0.0,0.0,0.0,0.0,0.0,0.0,0.0,0.0
2021-08-30,Punggol Way (Slip Rd to TPE),1013,"1.4008747016653462, 103.89641264830509",0,1,0.2,0.0,0.0,1.4391919679974416,4.8,5.0,4.8,3.8,6.4,2.2,0.2,0.0,0.2,0.0,0.2
2021-08-30,Hougang Avenue 8,1013,"1.3746983,103.8882516",0,1,0.0,0.0,0.0,1.4398415111727059,9.44701,7.437,6.231,4.623,1.407,1.809,1.608,0.603,0.201,0.0,0.201
2021-08-20,Tampines Avenue 10 (towards TPE),0758,"1.3748039804814367, 103.93131406099447",0,1,5.8,4.4,0.0,2.5729313596186976,4.0,5.2,4.0,5.2,4.2,8.60001,6.4,3.0,1.0,0.6,5.6
2021-07-12,Dunearn Road (Binjai Park),1900,"1.3351504,103.7864808",0,1,0.0,0.0,0.0,1.0881815416891398,8.0,9.8,8.8,7.6,3.2,3.0,0.6,0.2,0.0,0.0,0.0
2018-11-11,KPE slip road to PIE (towards Changi),1525,"1.31981724018845, 103.87575476162365",0,1,0.406,0.0,0.0,1.7212000066801731,0.0,1.421,1.421,1.624,1.015,2.436,3.248,6.293,4.669,5.278,3.857
2018-05-26,Kramat Lane,1545,"1.3010114,103.8422569",0,1,8.2,0.0,0.0,0.46327632606405306,0.4,3.2,5.6,8.2,6.0,4.2,4.2,3.6,8.8,8.8,11.6
2018-04-27,Seletar North Link,1605,"1.4248542,103.8836981",0,1,0.0,0.0,0.0,2.0916113399286096,1.4,4.8,4.4,1.0,0.2,0.0,0.0,0.0,0.0,0.0,0.0
2018-04-20,PIE [towards Tuas] at KJE [BKE] exit,1810,"1.3623507414005873, 103.70468689449974",0,1,0.8,0.6,0.0,1.6327322952872814,0.0,0.0,0.0,0.0,0.0,0.2,0.2,0.2,0.2,0.4,1.2
2018-02-03,slip road of Amber Rd into Mountbatten Rd,1240,"1.30297462147499, 103.9005021022404",0,1,0.0,0.0,0.0,1.1673098366516363,0.0,0.0,0.0,0.0,0.0,0.0,0.0,0.0,0.0,0.0,0.0
2018-02-03,slip road of Haig Rd into Mountbatten Rd,1240,"1.303317786448753, 103.90043205045473",0,1,0.0,0.0,0.0,1.1610620279926187,0.0,0.0,0.0,0.0,0.0,0.0,0.0,0.0,0.0,0.0,0.0
2018-01-24,Craig Road,1716,"1.2778048,103.8423234",0,1,0.0,0.0,0.0,2.437701595447744,7.2,8.39999,13.6,4.8,0.0,0.0,0.0,0.0,0.0,0.0,0.0
2018-01-24,Jln Boon Lay/International Road,1715,"1.3282627,103.7085304",0,1,0.0,0.0,0.0,2.247934228390664,7.8,7.2,1.6,0.2,0.0,0.0,0.0,0.0,0.0,0.0,0.0
2023-08-12,345 Tanjong Katong Road,2215,"1.3147337, 103.894207",1,0,0.0,0.0,0.0,0.9425422406316534,0.0,0.0,0.0,0.0,0.0,0.0,0.0,0.0,0.0,0.0,0.0
2023-02-15,101 Beach Road,1440,"1.2950131, 103.8554438",1,0,0.0,0.0,0.0,1.1475550500625091,0.0,0.0,0.0,0.0,0.0,0.0,0.0,0.0,0.0,0.0,0.0
2023-02-03,21 Sembawang Road,0030,"1.4029835, 103.8175563",1,0,0.0,0.0,0.0,3.1094344642500498,0.0,0.0,0.0,0.0,0.0,0.0,0.0,0.0,0.0,0.0,0.0
2023-11-21,Bedok South Road,0900,"1.319016, 103.9287316",1,0,0.0,0.0,0.0,0.7826038695026433,0.0,0.0,0.0,0.0,0.0,0.0,0.0,0.0,0.0,0.0,0.0
2024-02-19,Farrer Road,0928,"1.3174812, 103.807462",1,0,0.0,0.0,0.0,0.7948204331119425,0.0,0.0,0.0,0.0,0.0,0.0,0.0,0.0,0.0,0.0,0.0
2022-11-30,Telok Kurau Lorong N,1833,"1.3103244, 103.912805",1,0,6.0,0.0,0.0,0.5041978278482697,0.0,0.4,0.4,0.2,0.0,0.2,0.0,0.2,0.6,2.0,2.6
2023-04-22,South Bridge Road,2020,"1.2808659, 103.8445135",1,0,0.0,0.0,0.0,2.068430586073148,0.0,0.0,0.0,0.0,0.0,0.0,0.0,0.0,0.0,0.0,0.0
2021-09-09,Junction of Stevens Road and Balmoral Road,0655,"1.31301,103.8299083",1,0,0.0,0.0,0.0,0.7821623540122518,0.0,0.0,0.0,0.0,0.0,0.0,0.0,0.0,0.0,0.0,0.0
2021-12-27,Wan Tho Ave (Pheng Geck Ave),1455,"1.3321392,103.8700728",1,0,0.0,0.0,0.0,1.8214751375773668,0.0,0.0,0.0,0.0,0.0,0.0,0.0,0.0,0.0,0.0,0.0
2024-06-17,slip road from Stevens Road to Balmoral Road,2001,"1.3131229076135529, 103.83038429904742",1,0,0.0,0.0,0.0,0.7376008688925181,0.0,0.0,0.0,0.0,0.0,0.0,0.0,0.0,0.0,0.0,0.0
2021-10-20,Tampines Road [Jln Teliti],0109,"1.3611782,103.8910565",1,0,0.0,0.0,0.0,0.47500757291228446,0.0,0.0,0.0,0.0,0.0,0.0,0.0,0.0,0.0,0.0,0.0
2023-07-10,Admiralty Road West near Sembawang Shipyard Gate 3,0722,"1.4622687237794751, 103.81788714770472",1,0,0.0,0.0,0.0,2.9773366577886162,0.0,0.0,0.0,0.0,0.0,0.0,0.0,0.0,0.0,0.0,0.0
2022-08-28,Jalan Seaview,1310,"1.300828,103.8959163",1,0,0.0,0.0,0.0,0.9031753761286667,0.0,0.0,0.0,0.0,0.0,0.0,0.0,0.0,0.0,0.0,0.0
2021-12-27,slip road of ECP from Bedok South Ave 1 exit towards City,0001,"1.3092057052450443, 103.93505370503796",1,0,0.0,0.0,0.0,1.0196573545138201,0.0,0.0,0.0,0.0,0.0,0.0,0.0,0.0,0.0,0.0,0.0
2023-09-28,Ang Mo Kio Ave 10,0635,"1.374214, 103.855",0,0,0.0,0.0,0.0,0.689042735273602,0.0,0.0,0.0,0.0,0.0,0.0,0.0,0.0,0.0,0.0,0.0
2024-05-11,Bishan Street 12,0710,"1.345419, 103.8507",0,0,0.0,0.0,0.0,0.4106620332035377,0.0,0.0,0.0,0.0,0.0,0.0,0.0,0.0,0.0,0.0,0.0
2024-04-07,Braddell Road,0745,"1.343226, 103.8546",0,0,0.0,0.0,0.0,0.7138521775119848,0.0,0.0,0.0,0.0,0.0,0.0,0.0,0.0,0.0,0.0,0.0
2024-01-02,Buangkok Crescent,0800,"1.384873, 103.8823",0,0,0.0,0.0,0.0,0.8488808411156811,0.0,0.0,0.0,0.0,0.0,0.0,0.0,0.0,0.0,0.0,0.0
2024-04-25,Bukit Batok Central,0825,"1.348442, 103.7464",0,0,0.0,0.0,0.0,1.8911226821472014,0.0,0.0,0.0,0.0,0.0,0.0,0.0,0.0,0.0,0.0,0.0
2024-08-26,Bukit Panjang Ring Road,0840,"1.385983, 103.764",0,0,0.0,0.0,0.0,0.5726258080987546,0.0,0.0,0.0,0.0,0.0,0.0,0.0,0.0,0.0,0.0,0.0
2024-12-21,Chai Chee Avenue,0930,"1.325113, 103.9241",0,0,0.0,0.0,0.0,2.571416563064609,0.0,0.0,0.0,0.0,0.0,0.0,0.0,0.0,0.0,0.0,0.0
2023-03-02,Changi Business Park Crescent,0955,"1.337153, 103.9691",0,0,0.0,0.0,0.0,1.815745986102017,0.0,0.0,0.0,0.0,0.0,0.0,0.0,0.0,0.0,0.0,0.0
2024-03-10,Choa Chu Kang Loop,1010,"1.386275, 103.7436",0,0,0.0,0.0,0.0,1.6650595033102535,0.0,0.0,0.0,0.0,0.0,0.0,0.0,0.0,0.0,0.0,0.0
2023-06-19,12 Changi Road,0355,"1.3248627, 103.9292277",0,0,0.0,0.0,0.0,1.0239763956480568,0.0,0.0,0.0,0.0,0.0,0.0,0.0,0.0,0.0,0.0,0.0
2023-07-10,18 Marine Parade,0445,"1.3058793, 103.9031707",0,0,0.0,0.0,0.0,0.8064236193886514,0.0,0.0,0.0,0.0,0.0,0.0,0.0,0.0,0.0,0.0,0.0
2024-05-03,67 Holland Drive,0600,"1.3136116, 103.779478",0,0,0.0,0.0,0.0,1.7310920481032532,0.0,0.0,0.0,0.0,0.0,0.0,0.0,0.0,0.0,0.0,0.0
2024-11-11,86 Bedok Reservoir Road,0720,"1.3379018, 103.9193629",0,0,0.0,0.0,0.0,2.627377986104066,0.0,0.0,0.0,0.0,0.0,0.0,0.0,0.0,0.0,0.0,0.0
2024-07-14,33 Punggol Field Walk,0800,"1.3909882, 103.9117229",0,0,0.0,0.0,0.0,1.353896845694023,0.0,0.0,0.0,0.0,0.0,0.0,0.0,0.0,0.0,0.0,0.0
2024-01-26,55 Marine Parade Road,0955,"1.3090547, 103.9259363",0,0,0.0,0.0,0.0,1.502015112655655,0.0,0.0,0.0,0.0,0.0,0.0,0.0,0.0,0.0,0.0,0.0
2023-11-02,212 Jurong West Avenue 5,1040,"1.3504006, 103.7015816",0,0,0.0,0.0,0.0,0.3865645709093602,0.0,0.0,0.0,0.0,0.0,0.0,0.0,0.0,0.0,0.0,0.0
2023-04-27,354 Kovan Road,1215,"1.3577882, 103.8804949",0,0,0.0,0.0,0.0,1.158569071336078,0.0,0.0,0.0,0.0,0.0,0.0,0.0,0.0,0.0,0.0,0.0
2024-03-18,72 Tiong Bahru Road,1335,"1.2896399, 103.8163692",0,0,0.0,0.0,0.0,0.623559827425833,0.0,0.0,0.0,0.0,0.0,0.0,0.0,0.0,0.0,0.0,0.0
2023-05-21,49 Jalan Besar,1505,"1.304902, 103.8547829",0,0,0.0,0.0,0.0,1.1427994525525116,0.0,0.0,0.0,0.0,0.0,0.0,0.0,0.0,0.0,0.0,0.0
2024-06-07,890 Yishun Avenue 1,1645,"1.4257009, 103.8534979",0,0,0.0,0.0,0.0,1.1012247609902153,0.0,0.0,0.0,0.0,0.0,0.0,0.0,0.0,0.0,0.0,0.0
2023-08-02,345 Upper Bukit Timah Road,1800,"1.3527768, 103.7676934",0,0,0.0,0.0,0.0,2.3258849695229613,0.0,0.0,0.0,0.0,0.0,0.0,0.0,0.0,0.0,0.0,0.0
2024-04-19,612 Bukit Batok Street 23,1915,"1.3434509, 103.7542694",0,0,0.0,0.0,0.0,1.1824942462479895,0.0,0.0,0.0,0.0,0.0,0.0,0.0,0.0,0.0,0.0,0.0
2024-09-23,112 Pasir Ris Central,2025,"1.3722951, 103.9487201",0,0,0.0,0.0,0.0,0.815494247718001,0.0,0.0,0.0,0.0,0.0,0.0,0.0,0.0,0.0,0.0,0.0
2024-12-17,98 Jurong East Street 13,0005,"1.3385508, 103.7345959",0,0,0.0,0.0,0.0,2.02589732497427,0.0,0.0,0.0,0.0,0.0,0.0,0.0,0.0,0.0,0.0,0.0
2023-05-04,232 Bedok North Street 3,0115,"1.3323794, 103.921908",0,0,0.0,0.0,0.0,2.190415677552033,0.0,0.0,0.0,0.0,0.0,0.0,0.0,0.0,0.0,0.0,0.0
2024-10-02,73 Lorong 1 Geylang,0145,"1.3127946, 103.8715408",0,0,0.0,0.0,0.0,1.4167404670158585,0.0,0.0,0.0,0.0,0.0,0.0,0.0,0.0,0.0,0.0,0.0
2023-09-10,246 Ang Mo Kio Avenue 3,0210,"1.3685143, 103.8365122",0,0,0.0,0.0,0.0,1.0610429675007607,0.0,0.0,0.0,0.0,0.0,0.0,0.0,0.0,0.0,0.0,0.0
2023-10-18,631 Upper Serangoon Road,0240,"1.3408317, 103.8706462",0,0,0.0,0.0,0.0,1.9097058168368843,0.0,0.0,0.0,0.0,0.0,0.0,0.0,0.0,0.0,0.0,0.0
2024-08-27,35 Bukit Batok West Avenue 4,0315,"1.3630373, 103.7470595",0,0,0.0,0.0,0.0,0.4501869249006299,0.0,0.0,0.0,0.0,0.0,0.0,0.0,0.0,0.0,0.0,0.0
2023-07-01,153 Tampines Avenue 4,0345,"1.3521837, 103.9454497",0,0,0.0,0.0,0.0,0.9505340507451868,0.0,0.0,0.0,0.0,0.0,0.0,0.0,0.0,0.0,0.0,0.0
2024-11-09,34 Bishan Street 23,0420,"1.3569526, 103.8479655",0,0,0.0,0.0,0.0,0.6984714535065579,0.0,0.0,0.0,0.0,0.0,0.0,0.0,0.0,0.0,0.0,0.0
2024-02-06,290 Joo Chiat Road,0500,"1.3123779, 103.9000793",0,0,0.0,0.0,0.0,1.203212899471252,0.0,0.0,0.0,0.0,0.0,0.0,0.0,0.0,0.0,0.0,0.0
2023-01-06,100 Serangoon North Avenue 1,0530,"1.3708719, 103.8716627",0,0,0.0,0.0,0.0,1.1436805273075434,0.0,0.0,0.0,0.0,0.0,0.0,0.0,0.0,0.0,0.0,0.0
2023-03-29,88 Jurong Gateway Road,0615,"1.3329992, 103.7409911",0,0,0.0,0.0,0.0,1.6240334471952627,0.0,0.0,0.0,0.0,0.0,0.0,0.0,0.0,0.0,0.0,0.0
2023-08-14,27 Bedok South Road,0645,"1.319016, 103.9287316",0,0,0.0,0.0,0.0,0.7826038695026433,0.0,0.0,0.0,0.0,0.0,0.0,0.0,0.0,0.0,0.0,0.0
2023-12-15,78 Bukit Timah Road,0725,"1.3291045, 103.8025087",0,0,0.0,0.0,0.0,0.9633579838940649,0.0,0.0,0.0,0.0,0.0,0.0,0.0,0.0,0.0,0.0,0.0
2024-09-05,12 Bedok North Street 2,0750,"1.3271542, 103.9378138",0,0,0.0,0.0,0.0,1.9801377213575728,0.0,0.0,0.0,0.0,0.0,0.0,0.0,0.0,0.0,0.0,0.0
2024-03-13,521 Lorong 2 Toa Payoh,0820,"1.3382166, 103.846249",0,0,0.0,0.0,0.0,0.54366466156784,0.0,0.0,0.0,0.0,0.0,0.0,0.0,0.0,0.0,0.0,0.0
2024-07-24,19 Clementi Road,0855,"1.2936728, 103.768543",0,0,0.0,0.0,0.0,0.2915879453791432,0.0,0.0,0.0,0.0,0.0,0.0,0.0,0.0,0.0,0.0,0.0
2024-02-17,250 Lorong Chuan,0930,"1.3522036, 103.8646749",0,0,0.0,0.0,0.0,1.0654310431167913,0.0,0.0,0.0,0.0,0.0,0.0,0.0,0.0,0.0,0.0,0.0
2024-08-05,500 Ubi Avenue 1,1005,"1.3258973, 103.8966872",0,0,0.0,0.0,0.0,0.8827795707401322,0.0,0.0,0.0,0.0,0.0,0.0,0.0,0.0,0.0,0.0,0.0
2023-11-25,901 Yishun Street 81,1035,"1.415606, 103.8363376",0,0,0.0,0.0,0.0,1.1148121615399789,0.0,0.0,0.0,0.0,0.0,0.0,0.0,0.0,0.0,0.0,0.0
2024-06-28,101 East Coast Parkway,1110,"1.294742, 103.8681427",0,0,0.0,0.0,0.0,0.7220787090451439,0.0,0.0,0.0,0.0,0.0,0.0,0.0,0.0,0.0,0.0,0.0
2024-12-20,567 Bukit Timah Road,1145,"1.3190594, 103.8297824",0,0,0.0,0.0,0.0,1.1875224897845764,0.0,0.0,0.0,0.0,0.0,0.0,0.0,0.0,0.0,0.0,0.0
2023-02-20,243 Ang Mo Kio Avenue 8,1220,"1.3796921, 103.8466564",0,0,0.0,0.0,0.0,0.4625505991101824,0.0,0.0,0.0,0.0,0.0,0.0,0.0,0.0,0.0,0.0,0.0
2023-09-23,34 Bukit Batok Street 32,1255,"1.3604664, 103.7483404",0,0,0.0,0.0,0.0,0.556828137123179,0.0,0.0,0.0,0.0,0.0,0.0,0.0,0.0,0.0,0.0,0.0
2023-04-05,545 Upper Thomson Road,1325,"1.3574465, 103.8289904",0,0,0.0,0.0,0.0,1.4226114396216378,0.0,0.0,0.0,0.0,0.0,0.0,0.0,0.0,0.0,0.0,0.0
2023-06-13,453 Kallang Way,1350,"1.3249544, 103.8767546",0,0,0.0,0.0,0.0,1.3977396711595211,0.0,0.0,0.0,0.0,0.0,0.0,0.0,0.0,0.0,0.0,0.0
2023-08-07,121 Paya Lebar Road,1425,"1.3298108, 103.8895947",0,0,0.0,0.0,0.0,0.22815838988289955,0.0,0.0,0.0,0.0,0.0,0.0,0.0,0.0,0.0,0.0,0.0
2024-01-11,876 Upper Bukit Timah Road,1455,"1.3564416, 103.7681987",0,0,0.0,0.0,0.0,2.1661531472286035,0.0,0.0,0.0,0.0,0.0,0.0,0.0,0.0,0.0,0.0,0.0
2023-11-29,22 Tanjong Rhu Road,1520,"1.2966874, 103.8690837",0,0,0.0,0.0,0.0,0.5581705641251246,0.0,0.0,0.0,0.0,0.0,0.0,0.0,0.0,0.0,0.0,0.0
2024-01-14,999 Upper Thomson Road,1545,"1.388523, 103.8182959",0,0,0.0,0.0,0.0,2.270322105896842,0.0,0.0,0.0,0.0,0.0,0.0,0.0,0.0,0.0,0.0,0.0
2023-04-02,556 Toa Payoh Lorong 1,1610,"1.3394394, 103.8521099",0,0,0.0,0.0,0.0,0.5660079192940186,0.0,0.0,0.0,0.0,0.0,0.0,0.0,0.0,0.0,0.0,0.0
2023-06-25,743 Bukit Timah Road,1635,"1.3279746, 103.8045757",0,0,0.0,0.0,0.0,0.7029810405857804,0.0,0.0,0.0,0.0,0.0,0.0,0.0,0.0,0.0,0.0,0.0
2023-10-03,832 Bedok Reservoir View,1705,"1.3381922, 103.9346961",0,0,0.0,0.0,0.0,1.2404588591561723,0.0,0.0,0.0,0.0,0.0,0.0,0.0,0.0,0.0,0.0,0.0
2024-12-01,111 West Coast Road,1730,"1.3195428, 103.7411092",0,0,0.0,0.0,0.0,2.1910919826543718,0.0,0.0,0.0,0.0,0.0,0.0,0.0,0.0,0.0,0.0,0.0
2023-05-17,456 Bedok North Street 2,1755,"1.3271542, 103.9378138",0,0,0.0,0.0,0.0,1.0057597546282027,0.0,0.0,0.0,0.0,0.0,0.0,0.0,0.0,0.0,0.0,0.0
2023-07-06,890 Yio Chu Kang Road,1825,"1.3913074, 103.8575445",0,0,0.0,0.0,0.0,1.8995160943623404,0.0,0.0,0.0,0.0,0.0,0.0,0.0,0.0,0.0,0.0,0.0
2024-09-29,123 Upper Boon Keng Road,1850,"1.3163648, 103.8734106",0,0,0.0,0.0,0.0,1.8636454662385347,0.0,0.0,0.0,0.0,0.0,0.0,0.0,0.0,0.0,0.0,0.0
2024-11-01,234 Serangoon Avenue 4,1915,"1.3581732, 103.8713307",0,0,0.0,0.0,0.0,1.98410640192625,0.0,0.0,0.0,0.0,0.0,0.0,0.0,0.0,0.0,0.0,0.0
2024-05-21,432 Bukit Panjang Road,1940,"1.3786493, 103.7697037",0,0,0.0,0.0,0.0,1.1254662263877566,0.0,0.0,0.0,0.0,0.0,0.0,0.0,0.0,0.0,0.0,0.0
2024-08-30,534 Queenstown Road,2010,"1.2932897, 103.8132567",0,0,0.0,0.0,0.0,0.09569544168039748,0.0,0.0,0.0,0.0,0.0,0.0,0.0,0.0,0.0,0.0,0.0
2024-02-04,12 Telok Blangah Road,2035,"1.2711353, 103.8076117",0,0,0.0,0.0,0.0,0.5745054528699437,0.0,0.0,0.0,0.0,0.0,0.0,0.0,0.0,0.0,0.0,0.0
2024-06-14,65 Jalan Ang Mo Kio,2105,"1.36917, 103.84972",0,0,0.0,0.0,0.0,1.0769837190591918,0.0,0.0,0.0,0.0,0.0,0.0,0.0,0.0,0.0,0.0,0.0
2023-03-24,245 Clementi Avenue 4,2130,"1.3205913, 103.7675153",0,0,0.0,0.0,0.0,0.28315706360651843,0.0,0.0,0.0,0.0,0.0,0.0,0.0,0.0,0.0,0.0,0.0
2024-10-11,37 Selegie Road,2155,"1.3044959, 103.8505072",0,0,0.0,0.0,0.0,1.54783369236749,0.0,0.0,0.0,0.0,0.0,0.0,0.0,0.0,0.0,0.0,0.0
2023-09-09,542 Tiong Bahru Road,2220,"1.2872251, 103.8237853",0,0,0.0,0.0,0.0,0.2945426924960397,0.0,0.0,0.0,0.0,0.0,0.0,0.0,0.0,0.0,0.0,0.0
2024-12-12,123 Bedok South Road,2245,"1.319016, 103.9287316",0,0,0.0,0.0,0.0,2.46898432060423,0.0,0.0,0.0,0.0,0.0,0.0,0.0,0.0,0.0,0.0,0.0
2023-03-29,12 Pasir Ris Drive 1,2310,"1.3646821, 103.9630813",0,0,0.0,0.0,0.0,1.1552993819138262,0.0,0.0,0.0,0.0,0.0,0.0,0.0,0.0,0.0,0.0,0.0
2021-01-15,Telok Blangah Rise,2335,"1.2740659, 103.8197003",0,0,0.0,0.0,0.0,1.7590945660784372,0.0,0.0,0.0,0.0,0.0,0.0,0.0,0.0,0.0,0.0,0.0
2021-04-09,Serangoon Garden Way,0000,"1.3666768, 103.8619064",0,0,0.0,0.0,0.0,1.1937235284065686,0.0,0.0,0.0,0.0,0.0,0.0,0.0,0.0,0.0,0.0,0.0
2021-07-23,Holland Grove View,0025,"1.3122802, 103.7828564",0,0,0.0,0.0,0.0,2.1219277912317,0.0,0.0,0.0,0.0,0.0,0.0,0.0,0.0,0.0,0.0,0.0
2021-10-31,Kallang Bahru,0050,"1.3193407, 103.8687115",0,0,0.0,0.0,0.0,1.2453308910882959,0.0,0.0,0.0,0.0,0.0,0.0,0.0,0.0,0.0,0.0,0.0
2021-12-05,Tanjong Rhu Road,0120,"1.2972226, 103.874687",0,0,0.0,0.0,0.0,0.935736529006924,0.0,0.0,0.0,0.0,0.0,0.0,0.0,0.0,0.0,0.0,0.0
2022-02-17,Pasir Ris Drive 6,0150,"1.3733266, 103.9562243",0,0,0.0,0.0,0.0,0.8791262285878017,0.0,0.0,0.0,0.0,0.0,0.0,0.0,0.0,0.0,0.0,0.0
2022-05-12,Bukit Batok West Avenue 5,0225,"1.3580312, 103.7430851",0,0,0.0,0.0,0.0,1.1367651254254945,0.0,0.0,0.0,0.0,0.0,0.0,0.0,0.0,0.0,0.0,0.0
2022-06-29,Marine Parade Road,0255,"1.3039187, 103.907145",0,0,0.0,0.0,0.0,0.4604837614285641,0.0,0.0,0.0,0.0,0.0,0.0,0.0,0.0,0.0,0.0,0.0
2022-08-01,Jalan Jurong Kechil,0320,"1.3413088, 103.7714731",0,0,0.0,0.0,0.0,1.0327024352035896,0.0,0.0,0.0,0.0,0.0,0.0,0.0,0.0,0.0,0.0,0.0
2022-11-14,Woodlands Avenue 9,0350,"1.4494251, 103.8008625",0,0,0.404,5.252,0.0,1.1601748178060791,0.0,0.0,0.0,0.0,0.0,0.202,0.0,0.202,0.202,0.202,0.404
2022-12-25,River Valley Road,0415,"1.2919861, 103.8450176",0,0,0.0,0.0,0.0,0.8331231473246867,0.0,0.0,0.0,0.0,0.0,0.0,0.0,0.0,0.0,0.0,0.0
2023-01-03,Alexandra View,0440,"1.290438, 103.8166561",0,0,0.0,0.0,0.0,0.5873895399502566,0.0,0.0,0.0,0.0,0.0,0.0,0.0,0.0,0.0,0.0,0.0
2023-02-26,Bukit Panjang Ring Road,0510,"1.385983, 103.7640457",0,0,0.0,0.0,0.0,0.5762855600823086,0.0,0.0,0.0,0.0,0.0,0.0,0.0,0.0,0.0,0.0,0.0
2023-03-24,Compassvale Street,0540,"1.395485, 103.8970824",0,0,0.0,0.0,0.0,0.9862431774860806,0.0,0.0,0.0,0.0,0.0,0.0,0.0,0.0,0.0,0.0,0.0
2023-05-19,Bedok Reservoir Road,0610,"1.3420806, 103.9374057",0,0,0.0,0.0,0.0,0.7980962722561065,0.2,0.0,0.0,0.0,0.0,0.0,0.0,0.0,0.0,0.0,0.0
2023-06-30,Jalan Kayu,0635,"1.3976345, 103.8731175",0,0,0.0,0.0,0.0,1.0664439488241553,0.0,0.0,0.0,0.0,0.0,0.0,0.0,0.0,0.0,0.0,0.0
2023-07-14,Teban Gardens Road,0705,"1.3212496, 103.7444555",0,0,0.0,0.0,0.0,1.7924990603510078,4.6,5.6,5.0,4.8,4.8,2.2,0.0,0.0,0.0,0.0,0.2
2023-09-07,Sims Drive,0735,"1.3160278, 103.8780375",0,0,0.0,0.0,0.0,1.7242631942617692,0.0,0.0,0.0,0.0,0.0,0.0,0.0,0.0,0.0,0.0,0.0
2023-10-02,Bishan Street 13,0805,"1.3484727, 103.8546406",0,0,0.0,0.0,0.0,0.22615459567757107,0.0,0.0,0.0,0.0,0.0,0.0,0.0,0.0,0.0,0.0,0.0
2023-12-31,Choa Chu Kang Avenue 2,0835,"1.3780577, 103.7412621",0,0,0.0,0.0,0.0,1.2704182891394566,0.0,0.0,0.0,0.0,0.0,0.0,0.0,0.0,0.2,0.0,0.0
2024-01-11,Bukit Batok Central,0905,"1.3484415, 103.7463789",0,0,0.0,0.0,0.0,1.891763837110725,0.0,0.0,0.0,0.0,0.0,0.0,0.0,0.0,0.0,0.0,0.0
2024-02-04,Dover Crescent,0935,"1.3064062, 103.7828978",0,0,0.0,0.0,0.0,1.5762159075871125,0.0,0.0,0.0,0.0,0.0,0.0,0.0,0.0,0.0,0.0,0.0
2024-03-28,Boon Tiong Road,1000,"1.286453, 103.8311325",0,0,0.0,0.0,0.0,0.9154866390934788,0.0,0.0,0.0,0.0,0.0,0.0,0.0,0.0,0.0,0.0,0.0
2024-04-15,Outram Road,0005,"1.2817691, 103.8379248",0,0,0.0,0.0,0.0,1.825688433518068,0.0,0.0,0.0,0.0,0.0,0.0,0.0,0.0,0.0,0.0,0.0
2024-05-30,Upper Serangoon View,0042,"1.3760756, 103.9039658",0,0,0.0,0.0,0.0,1.35255384645976,0.0,0.0,0.0,0.0,0.0,0.0,0.0,0.0,0.0,0.0,0.0
2024-06-14,Clementi Avenue 3,0117,"1.3122341, 103.7643255",0,0,0.0,0.0,0.0,1.1747432841611058,0.0,0.0,0.0,0.0,0.0,0.0,0.0,0.0,0.0,0.0,0.0
2024-07-19,Simei Avenue,0155,"1.3428122, 103.9457919",0,0,0.0,0.0,0.0,0.18353933738137465,0.0,0.0,0.0,0.0,0.0,0.0,0.0,0.0,0.0,0.0,0.0
2024-08-30,Jalan Membina,0210,"1.2825794, 103.8260625",0,0,0.0,0.0,0.0,0.8542375930399138,0.0,0.0,0.0,0.0,0.0,0.0,0.0,0.0,0.0,0.0,0.0
2024-09-25,Dakota Crescent,0233,"1.3060352, 103.8849019",0,0,0.0,0.0,0.0,0.6506880378101166,0.0,0.0,0.0,0.0,0.0,0.0,0.0,0.0,0.0,0.0,0.0
2024-10-08,Cantonment Road,0301,"1.2791685, 103.8399094",0,0,0.0,0.0,0.0,2.1649696795706164,0.0,0.0,0.0,0.0,0.0,0.0,0.0,0.0,0.0,0.0,0.0
2021-03-05,Bukit Merah View,0337,"1.2835091, 103.8233249",0,0,0.0,0.0,0.0,0.7081666672164791,0.0,0.0,0.0,0.0,0.0,0.0,0.0,0.0,0.0,0.0,0.0
2021-06-11,Yio Chu Kang Crescent,0404,"1.3905552, 103.841917",0,0,0.0,0.0,0.0,1.7699943181326143,0.0,0.0,0.0,0.0,0.0,0.0,0.0,0.0,0.0,0.0,0.0
2021-08-27,Bukit Purmei Road,0430,"1.2721934, 103.8248687",0,0,0.0,0.0,0.0,1.970288558129589,0.0,0.0,0.0,0.0,0.0,0.0,0.0,0.0,0.0,0.0,0.0
2021-11-18,Queen's Road,0502,"1.3224745, 103.8109854",0,0,0.0,0.0,0.0,0.2455165881182511,0.0,0.0,0.0,0.0,0.0,0.0,0.0,0.0,0.0,0.0,0.0
2022-01-20,Stirling Road,0525,"1.2972338, 103.8029165",0,0,0.0,0.0,0.0,0.2914217594107072,0.0,0.0,0.0,0.0,0.0,0.0,0.0,0.0,0.0,0.0,0.0
2022-04-22,Tampines Street 83,0607,"1.3512739, 103.9336654",0,0,0.0,0.0,0.0,1.4605608122908427,0.0,0.0,0.0,0.0,0.0,0.0,0.0,0.0,0.0,0.0,0.0
2022-07-05,Yung Loh Road,0633,"1.3275598, 103.7224669",0,0,0.0,0.0,0.0,2.5696019267285424,0.0,0.0,0.0,0.0,0.0,0.0,0.0,0.0,0.0,0.0,0.0
2022-09-13,Pandan Gardens,0712,"1.3195055, 103.748408",0,0,0.0,0.0,0.0,1.5112028163359925,1.212,0.202,0.0,0.0,0.0,0.0,0.0,1.01,3.636,4.444,2.626
2022-10-31,Sengkang East Avenue,0740,"1.3905155, 103.8842048",0,0,0.0,0.0,0.0,1.1668300174661064,0.0,0.0,0.0,0.0,0.0,0.0,0.0,0.0,0.0,0.0,0.0
2023-04-07,Redhill Close,0803,"1.2868163, 103.8181357",0,0,0.0,0.0,0.0,0.699795940190839,0.0,0.0,0.0,0.0,0.0,0.0,0.0,0.0,0.0,0.0,0.0
2023-08-03,Aljunied Crescent,0831,"1.3200816, 103.8857246",0,0,0.0,0.0,0.0,0.9369793050798307,0.0,0.0,0.0,0.0,0.0,0.0,0.0,0.0,0.0,0.0,0.0
2024-05-10,Whampoa Drive,1006,"1.3227294, 103.8558124",0,0,0.0,0.0,0.0,0.25667588592321733,0.0,0.0,0.0,0.0,0.0,0.0,0.0,0.0,0.0,0.0,0.0
2024-07-01,Telok Kurau Road,1021,"1.3076794, 103.9128927",0,0,0.0,0.0,0.0,0.30752746699177896,0.0,0.0,0.0,0.0,0.0,0.0,0.0,0.0,0.0,0.0,0.0
2024-09-12,Serangoon Avenue 3,1109,"1.3517837, 103.8700675",0,0,0.0,0.0,0.0,1.6531331680621022,0.0,0.0,0.0,0.0,0.0,0.0,0.0,0.0,0.0,0.0,0.0
2024-11-15,Ang Mo Kio Street 61,1144,"1.3797553, 103.8441424",0,0,0.0,0.0,0.0,0.6747485631658329,0.0,0.0,0.0,0.0,0.0,0.0,0.0,0.0,0.0,0.0,0.0
2024-12-20,Mount Vernon Road,1215,"1.3406176, 103.8796311",0,0,0.0,0.0,0.0,0.9115906955475203,0.0,0.0,0.0,0.0,0.0,0.0,0.0,0.0,0.0,0.0,0.0
2021-02-28,New Bridge Road,1240,"1.2790456, 103.8391381",0,0,0.0,0.0,0.0,2.1016666145629994,0.0,0.0,0.0,0.0,0.0,0.0,0.0,0.0,0.0,0.0,0.0
2021-09-09,Hillview Avenue,1303,"1.3617975, 103.7645391",0,0,0.0,0.0,0.0,1.582275093401128,0.0,0.0,0.0,0.0,0.0,0.0,0.0,0.0,0.0,0.0,0.0
2021-02-12,Bukit Panjang Road,1325,"1.3786493, 103.7697037",0,0,0.0,0.0,0.0,2.611551472678591,0.0,0.0,0.0,0.0,0.0,0.0,0.0,0.0,0.0,0.0,0.0
2021-03-29,Toh Guan Road,1407,"1.3410773, 103.7485101",0,0,6.4,0.0,0.0,1.2033097135793824,0.2,0.0,0.4,0.2,0.2,0.4,0.4,0.8,0.4,2.4,5.6
2021-05-06,Upper Thomson Road,1448,"1.388523, 103.8182959",0,0,0.2,0.2,0.0,2.270322105896842,0.0,0.0,0.0,0.0,0.0,0.0,0.0,0.0,0.0,0.0,0.0
2021-06-18,Jalan Bukit Merah,1500,"1.2781182, 103.8307409",0,0,0.0,0.0,0.0,1.526663279712201,0.0,0.0,0.0,0.0,0.0,0.0,0.0,0.0,0.0,0.0,0.0
2021-08-11,Jalan Bahar,1533,"1.3651215, 103.6931359",0,0,0.0,0.0,0.0,1.0565433863489526,0.0,0.0,0.0,0.0,0.0,0.0,0.0,0.0,0.0,0.0,0.0
2021-09-22,Holland Drive,1605,"1.3092915, 103.7930064",0,0,0.0,0.0,0.0,1.5004682961138558,0.0,0.0,0.0,0.0,0.0,0.0,0.0,0.0,0.0,0.0,0.0
2021-11-03,Paya Lebar Road,1632,"1.3298108, 103.8895947",0,0,0.0,0.0,0.0,0.22815838988289955,0.0,0.0,0.0,0.0,0.0,0.0,0.0,0.0,0.0,0.0,0.0
2021-12-27,Seraya Crescent,1701,"1.3730254, 103.8278001",0,0,0.0,0.0,0.0,0.33446990987396874,0.0,0.0,0.0,0.0,0.0,0.0,0.0,0.0,0.0,0.0,0.0
2022-01-15,Chai Chee Lane,1737,"1.3300677, 103.9189125",0,0,0.0,0.0,0.0,2.2796804678221934,0.0,0.0,0.0,0.0,0.0,0.0,0.0,0.0,0.0,0.0,0.0
2022-03-01,Jalan Sultan,1802,"1.30382, 103.8608692",0,0,0.0,0.0,0.0,0.7076227154649783,0.0,0.0,0.0,0.0,0.0,0.0,0.0,0.0,0.0,0.0,0.0
2022-04-10,Outram Park,1829,"1.2806772, 103.8397858",0,0,0.0,0.0,0.0,2.0655434760602054,0.0,0.0,0.0,0.0,0.0,0.0,0.0,0.0,0.0,0.0,0.0
2022-06-02,Punggol Field,1904,"1.3956591, 103.9109446",0,0,0.0,0.0,0.0,0.8226390541706934,0.0,0.0,0.0,0.0,0.0,0.0,0.0,0.0,0.0,0.0,0.0
2022-07-25,Jurong West Street 91,1933,"1.3393795, 103.6900018",0,0,0.0,0.0,0.0,1.1723361586504366,0.0,0.0,0.0,0.0,0.0,0.0,0.0,0.0,0.0,0.0,0.0
2022-09-09,Punggol Central,2001,"1.400444, 103.912493",0,0,0.0,0.0,0.0,0.4567025730717816,0.0,0.0,0.0,0.0,0.0,0.0,0.0,0.0,0.0,0.0,0.0
2022-10-13,Depot Road,2038,"1.2805347, 103.816934",0,0,0.0,0.0,0.0,1.2779951701909709,0.0,0.0,0.0,0.0,0.0,0.0,0.0,0.0,0.0,0.0,0.0
2022-12-01,Mei Chin Road,2100,"1.2950798, 103.802763",0,0,0.0,0.0,0.0,0.529486671166984,0.0,0.0,0.0,0.0,0.0,0.0,0.0,0.0,0.0,0.0,0.0
2023-01-27,Tampines Avenue 4,2126,"1.3526125, 103.945735",0,0,0.0,0.0,0.0,1.0020748022843362,0.0,0.0,0.0,0.0,0.0,0.0,0.0,0.0,0.0,0.0,0.0
2023-03-16,Jalan Mas Puteh,2205,"1.3091116, 103.7618894",0,0,0.0,0.0,0.0,0.8746991459518716,0.0,0.0,0.0,0.0,0.0,0.0,0.0,0.0,0.0,0.0,0.0
2023-05-04,Lengkong Tiga,2240,"1.3237444, 103.9124484",0,0,0.0,0.0,0.0,1.933171816260544,0.0,0.0,0.0,0.0,0.0,0.0,0.0,0.0,0.0,0.0,0.0
2023-06-21,Siglap Road,2302,"1.307827, 103.9261927",0,0,0.0,0.0,0.0,1.579737521440701,0.0,0.0,0.0,0.0,0.0,0.0,0.0,0.0,0.0,0.0,0.0
2023-08-14,Sennett Lane,2341,"1.3165507, 103.9365197",0,0,0.0,0.0,0.0,0.21804106565434134,0.0,0.0,0.0,0.0,0.0,0.0,0.0,0.0,0.0,0.0,0.0
2023-09-30,Upper Changi Road East,0011,"1.3341567, 103.9569739",0,0,0.0,0.0,0.0,1.046266289206066,0.0,0.0,0.0,0.0,0.0,0.0,0.0,0.0,0.0,0.0,0.0
2023-11-06,Lorong Ah Soo,0109,"1.3520481, 103.8845867",0,0,0.0,0.0,0.0,0.8841329982871136,0.0,0.0,0.0,0.0,0.0,0.0,0.0,0.0,0.0,0.0,0.0
2023-12-12,French Road,0144,"1.3078174, 103.8611192",0,0,0.0,0.0,0.0,0.9682345989323246,0.0,0.0,0.0,0.0,0.0,0.0,0.0,0.0,0.0,0.0,0.0
2024-01-22,Thomson Walk,0227,"1.3761736, 103.8323914",0,0,0.0,0.0,0.0,0.8955952550841786,0.0,0.0,0.0,0.0,0.0,0.0,0.0,0.0,0.0,0.0,0.0
2024-03-10,Joo Chiat Place,0335,"1.315154, 103.9106894",0,0,0.0,0.0,0.0,0.9650411884831187,0.0,0.0,0.0,0.0,0.0,0.0,0.0,0.0,0.0,0.0,0.0
2024-04-28,Paya Lebar Crescent,0451,"1.3485377, 103.8825866",0,0,0.0,0.0,0.0,1.1217713412349124,0.0,0.0,0.0,0.0,0.0,0.0,0.0,0.0,0.0,0.0,0.0
2024-06-17,Eng Hoon Street,0519,"1.283536, 103.8348143",0,0,0.0,0.0,0.0,1.427985207378575,0.0,0.0,0.0,0.0,0.0,0.0,0.0,0.0,0.0,0.0,0.0
2024-07-31,Bukit Batok East Avenue 3,0613,"1.3488719, 103.7542789",0,0,0.0,0.0,0.0,1.782055906173186,0.0,0.0,0.0,0.0,0.0,0.0,0.0,0.0,0.0,0.0,0.0
2024-08-09,Commonwealth Avenue West,0722,"1.3088368, 103.782681",0,0,0.0,0.0,0.0,2.1787523053935187,0.0,0.0,0.0,0.0,0.0,0.0,0.0,0.0,0.0,0.0,0.0
2024-10-01,Upper Aljunied Road,0847,"1.3370128, 103.8773779",0,0,0.0,0.0,0.0,1.202226607605156,0.0,0.0,0.0,0.0,0.0,0.0,0.0,0.0,0.0,0.0,0.0
2024-11-27,Lorong 8 Toa Payoh,0933,"1.3402039, 103.8533898",0,0,0.0,0.0,0.0,0.6402141725526423,0.0,0.0,0.0,0.0,0.0,0.0,0.0,0.0,0.0,0.0,0.0
2024-12-08,Hougang Street 51,1030,"1.3770485, 103.8880876",0,0,0.0,0.0,0.0,1.3365306725964008,0.0,0.0,0.0,0.0,0.0,0.0,0.0,0.0,0.0,0.0,0.0
2021-04-14,Kim Tian Road,1234,"1.2827785, 103.8270376",0,0,0.0,0.0,0.0,0.8743290429066873,0.0,0.0,0.0,0.0,0.0,0.0,0.0,0.0,0.0,0.0,0.0
2021-07-05,Yishun Ring Road,1310,"1.4244866, 103.8319274",0,0,0.0,0.0,0.0,1.1167069747646032,0.0,0.0,0.0,0.0,0.0,0.0,0.0,0.0,0.0,0.0,0.0
2021-10-20,Jalan Chengam,1417,"1.3736414, 103.8322612",0,0,0.0,0.8,0.0,0.6958726588496567,0.0,0.2,0.2,0.0,0.2,0.0,0.2,0.0,0.2,0.0,0.2
2022-02-09,Bedok North Street 4,1515,"1.332148, 103.9397453",0,0,0.0,0.0,0.0,1.3848261166024738,6.6,0.6,0.8,2.0,2.6,0.6,0.6,0.0,0.0,0.0,0.0
2022-05-17,Woodlands Street 41,1620,"1.4291898, 103.7730307",0,0,0.0,0.0,0.0,1.2844127863574364,0.0,0.0,0.0,0.0,0.0,0.0,0.0,0.0,0.0,0.0,0.0
2022-08-28,Tampines Street 12,1711,"1.350021, 103.94503",0,0,0.0,0.0,0.0,0.7063435887891281,0.0,0.0,0.0,0.0,0.0,0.0,0.0,0.0,0.0,0.0,0.0
2023-02-10,Selegie Road,1910,"1.3044959, 103.8505072",0,0,0.0,0.0,0.0,0.7490741052231894,2.4,1.4,0.0,0.0,0.0,0.0,0.2,0.0,0.0,0.0,0.0
2023-07-10,Chin Swee Road,2133,"1.2865138, 103.8393685",0,0,0.0,0.0,0.0,1.5627795088017673,0.0,0.0,0.0,0.0,0.0,0.0,0.0,0.0,0.0,0.0,0.0
2023-10-17,Jalan Rumah Tinggi,2211,"1.2876326, 103.8096701",0,0,0.0,0.0,0.0,0.7444050954928256,0.0,0.0,0.0,0.0,0.0,0.0,0.0,0.0,0.0,0.0,0.0
2024-02-29,Bukit Ho Swee Crescent,2333,"1.2866387, 103.8280699",0,0,0.0,0.0,0.0,0.6096017284106339,0.0,0.0,0.0,0.0,0.0,0.0,0.0,0.0,0.0,0.0,0.0
2024-05-03,Upper Paya Lebar Road,2355,"1.3427582, 103.8832588",0,0,0.0,0.0,0.0,0.596532587677976,0.0,0.0,0.0,0.0,0.0,0.0,0.0,0.0,0.0,0.0,0.0
2024-07-20,Bukit Batok Street 21,0001,"1.3468026, 103.7556251",0,0,0.0,0.0,0.0,1.5459011052428144,0.0,0.0,0.0,0.0,0.0,0.0,0.0,0.0,0.0,0.0,0.0
2024-09-03,Lorong Limau,0130,"1.3235431, 103.8547672",0,0,0.0,0.0,0.0,2.251777128521343,0.0,0.0,0.0,0.0,0.0,0.0,0.0,0.0,0.0,0.0,0.0
2022-08-28,Jalan Tenaga,0255,"1.3334812, 103.9061112",0,0,0.0,0.0,0.0,2.0036320573246997,0.0,0.0,0.0,0.0,0.0,0.0,0.0,0.0,0.0,0.0,0.0
2024-11-15,Bt Timah Rd (between Clementi Rd and Blackmore Dr),0340,"1.3365951459866354, 103.78136112577862",0,0,0.0,0.0,0.0,0.600601296763747,0.0,0.0,0.0,0.0,0.0,0.0,0.0,0.0,0.0,0.0,0.0
2024-12-20,Coronation Walk,0411,"1.3242244,103.8097309",0,0,0.0,0.0,0.0,0.006124468827702796,0.0,0.0,0.0,0.0,0.0,0.0,0.0,0.0,0.0,0.0,0.0
2021-02-28,Kings Rd (between Prince Rd and Lutheran Rd),0533,"1.3216555655474416, 103.80957792936259",0,0,0.0,0.0,0.0,0.29102838943137754,0.0,0.0,0.0,0.0,0.0,0.0,0.0,0.0,0.0,0.0,0.0
2021-02-12,Yishun Avenue 7 (near intersection of Yishun St 22),0730,"1.4394607520380978, 103.83585145678819",0,0,0.0,0.0,0.0,1.1826713320464293,0.0,0.0,0.0,0.0,0.0,0.0,0.0,0.0,0.0,0.0,0.0
2021-03-29,KPE (Slip Rd to Buangkok East Drive),0855,"1.375031,103.909223",0,0,0.0,0.0,0.0,1.4978246573429275,0.0,0.0,0.0,0.0,0.0,0.0,0.0,0.0,0.0,0.0,0.0
2021-05-06,Punggol Way (Slip Rd to TPE),0955,"1.4008747016653462, 103.89641264830509",0,0,0.0,0.0,0.0,1.4391919679974416,0.0,0.0,0.0,0.0,0.0,0.0,0.0,0.0,0.0,0.0,0.0
2021-06-18,Yishun Avenue 7,1055,"1.4384951,103.8332015",0,0,0.0,0.202,0.0,2.318714021649873,0.0,0.202,0.202,0.202,0.202,0.202,0.202,0.0,0.0,0.0,0.202
2021-08-11,Bukit Timah Rd (near KAP),1155,"1.3373068968527604, 103.77942756156347",0,0,0.0,0.0,0.0,0.496159118183603,0.0,0.0,0.0,0.0,0.0,0.0,0.0,0.0,0.0,0.0,0.0
2021-09-22,Dunearn Road,1255,"1.325467,103.8090096",0,0,0.0,0.0,0.0,0.15364251486824732,0.0,0.0,0.0,0.0,0.0,0.0,0.0,0.0,0.0,0.0,0.0
2021-11-03,Yishun Avenue 7,1355,"1.4384951,103.8332015",0,0,0.0,0.0,0.0,2.318714021649873,0.0,0.0,0.0,0.0,0.0,0.0,0.0,0.0,0.0,0.0,0.0
2022-01-15,Ophir Road,1555,"1.3024489,103.8566459",0,0,0.0,0.0,0.0,1.1174392542898108,0.0,0.0,0.0,0.0,0.0,0.0,0.0,0.0,0.0,0.0,0.0
2022-03-01,Dunearn Road,1655,"1.325467,103.8090096",0,0,0.0,0.0,0.0,0.15364251486824732,0.0,0.0,0.0,0.0,0.0,0.0,0.0,0.0,0.0,0.0,0.0
2022-04-10,Boon Lay Way/Corporation Rd,1755,"1.3428518,103.7160287",0,0,0.0,0.0,0.0,1.1809878169112735,0.0,0.0,0.0,0.0,0.0,0.0,0.0,0.0,0.0,0.0,0.0
2022-06-02,Dunearn Rd (Sime Darby Ctr),1855,"1.3367436,103.7837031",0,0,0.0,0.0,0.0,0.838695915131025,0.0,0.0,0.0,0.0,0.0,0.0,0.0,0.0,0.0,0.0,0.0
2022-07-25,Enterprise Road,1955,"1.3332885,103.7054867",0,0,0.0,0.0,0.0,1.6168929203619031,0.0,0.0,0.0,0.0,0.0,0.0,0.0,0.0,0.0,0.0,0.0
2022-09-09,Jurong East Street 32,2055,"1.3470214,103.7338564",0,0,0.0,0.0,0.0,1.420918161675627,0.0,0.0,0.0,0.0,0.0,0.0,0.0,0.0,0.0,0.0,0.0
2022-10-13,KPE towards ECP (after Buangkok Drive Exit),2155,"1.3800864,103.8941323",0,0,0.0,0.0,0.0,0.8463356552952952,0.0,0.0,0.0,0.0,0.0,0.0,0.0,0.0,0.0,0.0,0.0
2022-12-01,Punggol Way (Slip Rd to TPE),2255,"1.4008747016653462, 103.89641264830509",0,0,0.0,0.0,0.0,1.4391919679974416,0.0,0.0,0.0,0.0,0.0,0.0,0.0,0.0,0.0,0.0,0.0
2023-01-27,PIE / Bedok North Ave 3 slip road,2359,"1.334611431364797, 103.93369655848748",0,0,0.0,0.0,0.0,1.5611037754776527,0.0,0.0,0.0,0.0,0.0,0.0,0.0,0.0,0.0,0.0,0.0
2023-03-16,Junction of Eunos Link / Ubi Ave 3,1200,"1.3347636,103.8994408",0,0,0.0,0.0,0.0,1.3930826363742186,0.0,0.0,0.0,0.0,0.0,0.0,0.0,0.0,0.0,0.0,0.0
2023-05-04,Jurong East Street 32,1800,"1.3470214,103.7338564",0,0,0.203,0.0,0.0,1.420918161675627,0.0,0.0,0.0,0.0,0.0,0.0,0.0,0.0,0.0,0.0,0.203
2023-06-21,Punggol Way (Slip Rd to TPE),1605,"1.4008747016653462, 103.89641264830509",0,0,0.0,0.0,0.0,1.4391919679974416,0.0,0.0,0.0,0.0,0.0,0.0,0.0,0.0,0.0,0.0,0.0
2023-08-14,Punggol Way (Slip Rd to TPE),1632,"1.4008747016653462, 103.89641264830509",0,0,0.4,0.0,0.0,1.4391919679974416,1.4,2.2,1.0,0.0,0.0,0.2,0.0,0.0,0.2,0.0,0.2
2023-09-30,Hougang Avenue 8,1701,"1.3746983,103.8882516",0,0,0.0,0.0,0.0,1.4398415111727059,0.0,0.0,0.0,0.0,0.0,0.0,0.0,0.0,0.0,0.0,0.0
2023-11-06,Tampines Avenue 10 (towards TPE),1737,"1.3748039804814367, 103.93131406099447",0,0,0.0,0.0,0.0,2.5729313596186976,0.0,0.0,0.0,0.0,0.0,0.0,0.0,0.0,0.0,0.0,0.0
2023-12-12,Dunearn Road (Binjai Park),1802,"1.3351504,103.7864808",0,0,0.0,0.2,0.2,1.0881815416891398,0.0,0.0,0.0,0.0,0.0,0.0,0.0,0.0,0.0,0.0,0.2
2024-01-22,KPE slip road to PIE (towards Changi),1829,"1.31981724018845, 103.87575476162365",0,0,0.0,0.0,0.0,2.014766159926171,0.0,0.0,0.0,0.0,0.0,0.0,0.0,0.0,0.0,0.0,0.0
2024-03-10,Kramat Lane,1904,"1.3010114,103.8422569",0,0,0.0,0.0,0.0,0.566252681141003,0.0,0.0,0.0,0.0,0.0,0.0,0.0,0.0,0.0,0.0,0.0
2024-04-28,Seletar North Link,1933,"1.4248542,103.8836981",0,0,0.0,0.0,0.0,2.0916113399286096,0.0,0.0,0.0,0.0,0.0,0.0,0.0,0.0,0.0,0.0,0.0
2024-07-31,PIE [towards Tuas] at KJE [BKE] exit,2038,"1.3623507414005873, 103.70468689449974",0,0,0.0,0.0,2.574,1.7594585854585905,0.0,0.0,0.0,0.0,0.0,0.0,0.0,0.0,0.0,0.0,0.0
2024-08-09,slip road of Amber Rd into Mountbatten Rd,2100,"1.30297462147499, 103.9005021022404",0,0,0.0,0.0,0.0,2.0044764056481412,0.0,0.0,0.0,0.0,0.0,0.0,0.0,0.0,0.0,0.0,0.0
2024-10-01,slip road of Haig Rd into Mountbatten Rd,2126,"1.303317786448753, 103.90043205045473",0,0,0.0,0.0,0.0,1.1610620279926187,0.0,0.0,0.0,0.0,0.0,0.0,0.0,0.0,0.0,0.0,0.0
2024-11-27,Craig Road,2205,"1.2778048,103.8423234",0,0,0.0,0.0,0.0,2.4725892888348757,0.0,0.0,0.0,0.0,0.0,0.0,0.0,0.0,0.0,0.0,0.0
2024-12-08,Jln Boon Lay/International Road,2240,"1.3282627,103.7085304",0,0,0.0,0.0,0.0,2.247934228390664,0.0,0.0,0.0,0.0,0.0,0.0,0.0,0.0,0.0,0.0,0.0
2021-04-14,Macpherson Road,2341,"1.331099,103.8785838",0,0,0.0,0.0,0.0,1.2119058780996566,0.0,0.0,0.0,0.0,0.0,0.0,0.0,0.0,0.0,0.0,0.0
2021-07-05,Hougang Ave 1,0011,"1.3544184,103.889824",0,0,0.0,0.0,0.0,0.30089647912403583,0.0,0.0,0.0,0.0,0.0,0.0,0.0,0.0,0.0,0.0,0.0
2022-02-09,Lorong Ong Lye,0144,"1.3479061,103.8790427",0,0,0.0,0.0,0.0,1.3191756514913402,0.0,0.0,0.0,0.0,0.0,0.0,0.0,0.0,0.0,0.0,0.0
2022-05-17,Lorong Gambir,0227,"1.3455826,103.8755509",0,0,0.0,0.0,0.0,1.5011315287569167,0.0,0.0,0.0,0.0,0.0,0.0,0.0,0.0,0.0,0.0,0.0
2022-08-28,Lorong Gambir,0335,"1.3455826,103.8755509",0,0,0.0,0.0,0.0,1.5011315287569167,0.0,0.0,0.0,0.0,0.0,0.0,0.0,0.0,0.0,0.0,0.0
2022-11-30,Lorong Ong Lye,0451,"1.3479061,103.8790427",0,0,0.0,0.0,0.0,1.3191756514913402,0.0,0.0,0.0,0.0,0.0,0.0,0.0,0.0,0.0,0.0,0.0
2023-02-10,Macpherson Road / Harvey Road,0519,"1.33262,103.8846626",0,0,0.0,0.0,0.0,0.7160573278779401,0.0,0.0,0.0,0.0,0.0,0.0,0.0,0.0,0.0,0.0,0.0
2023-04-22,Junction of Yishun Ave 2 and Yishun Ave 5 [slip road],0613,"1.4303202,103.8352756",0,0,0.0,0.0,0.0,1.4666322396641223,0.0,0.0,0.0,0.0,0.0,0.0,0.0,0.0,0.0,0.0,0.0
2023-10-17,[Junction of] Woodlands Road and Mandai Estate,0847,"1.4073702,103.7561939",0,0,0.0,0.0,0.0,2.427276244384043,0.0,0.0,0.0,0.0,0.0,0.0,0.0,0.0,0.0,0.0,0.0
2024-02-29,junction of  Woodlands Road and Mandai Road,0933,"1.4114657,103.7559205",0,0,0.0,0.0,0.0,1.9741733584732037,0.0,0.0,0.0,0.0,0.0,0.0,0.0,0.0,0.0,0.0,0.0
2024-05-03,junction of  Woodlands Road and Mandai Road,1030,"1.4114657,103.7559205",0,0,0.0,0.0,0.0,1.9741733584732037,0.0,0.0,0.0,0.0,0.0,0.0,0.0,0.0,0.0,0.406,0.609
2024-07-20,slip road of Yishun Ave 2 and Yishun Ave 5,1111,"1.4303202,103.8352756",0,0,0.0,0.0,0.0,1.4666322396641223,0.0,0.0,0.0,0.0,0.0,0.0,0.0,0.0,0.0,0.0,0.0
2024-09-03,Slip road from Yishun Ave 2 to Yishun Ave 5,1234,"1.4303202,103.8352756",0,0,0.0,0.0,0.0,1.4666322396641223,0.0,0.404,1.818,1.414,0.0,0.0,0.0,0.0,0.0,0.0,0.0
2024-11-15,junction of Ang Mo Kio Ave 5 and Ang Mo Kio Industrial Park 2,1417,"1.3779262,103.8634809",0,0,0.0,0.0,0.0,1.457635092906822,0.0,0.201,0.0,0.0,0.0,0.0,0.0,0.0,0.0,0.0,0.0
2024-12-20,junction of Jln Remaja and HillView Ave,1515,"1.357061,103.7622846",0,0,0.0,0.0,0.0,1.5602766353609403,0.0,0.0,0.0,0.0,0.0,0.0,0.0,0.0,0.0,0.0,0.0
2021-02-28,junction of Chai Chee Road and New Upper Changi Road,1620,"1.3228061,103.9233201",0,0,0.0,0.0,0.0,1.4668832585727143,0.0,0.0,0.0,0.0,0.0,0.0,0.0,0.0,0.0,0.0,0.0
2021-09-09,Sembawang Road near Sembawang Shopping Centre,1711,"1.4415882071571406, 103.82430262414891",0,0,0.0,0.0,0.0,2.2816014659719515,0.0,0.0,0.0,0.0,0.0,0.0,0.0,0.0,0.0,0.0,0.0
2021-02-12,"Dunearn Road, near Binja Park",1833,"1.3351504,103.7864808",0,0,0.0,0.0,0.2,1.0881815416891398,0.0,0.0,0.0,0.0,0.0,0.0,0.2,0.0,0.0,0.0,0.0
2021-03-29,"Junction of Ulu Pandan Road and Clementi Road, slip road",1910,"1.3188686010325699, 103.77147548507898",0,0,0.0,0.0,0.0,0.6743209695153445,0.0,0.0,0.0,0.0,0.0,0.0,0.0,0.0,0.0,0.0,0.0
2021-05-06,"Dunearn Road, near Sime Darby Centre",2020,"1.3362016651568525, 103.78332625319909",0,0,0.0,0.0,0.0,0.7769907492598381,0.0,0.0,0.0,0.0,0.0,0.0,0.0,0.0,0.0,0.0,0.0
2021-06-18,Lorong Kismis,2133,"1.3374037937983123, 103.76831395274883",0,0,0.0,0.0,0.0,1.0293309347752178,0.0,0.0,0.0,0.0,0.0,0.0,0.0,0.0,0.0,0.0,0.0
2021-08-11,Junction of Sunset Drive and Sunset Square,2211,"1.3256378,103.7664904",0,0,0.0,0.0,0.0,0.29020656477956136,0.0,0.0,0.0,0.0,0.0,0.0,0.0,0.0,0.0,0.0,0.0
2021-09-22,Ang Mo Kio Ave 5 just before Slip Road to CTE [City],2333,"1.3764538124419166, 103.85769323125496",0,0,0.0,0.0,0.0,0.9441506866937993,0.0,0.0,0.0,0.0,0.0,0.0,0.0,0.0,0.0,0.0,0.0
2021-11-03,Slip Road Junction of Yishun Ave 2 & Yishun Ave 5,2355,"1.4303202,103.8352756",0,0,0.0,0.0,0.0,1.4666322396641223,0.0,0.0,0.0,0.0,0.0,0.0,0.0,0.0,0.0,0.0,0.0
2022-01-15,Junction of New Upper Changi Road and Chai Chee Road,0130,"1.3228061,103.9233201",0,0,0.0,0.0,0.0,1.4668832585727143,0.0,0.0,0.0,0.0,0.0,0.0,0.0,0.0,0.0,0.0,0.0